id;date_modification;type_modification;details_modifications
1;2024-03-12T08:43:38;across;how
2;2024-03-12T10:26:12;boohoo usefully anenst;boohoo which when
3;2024-03-11T16:12:29;crushing evince consequently;before
4;2024-03-12T09:57:44;fooey;conscientise cruise
5;2024-03-11T18:04:03;indeed feed amazing;meanwhile before furthermore
6;2024-03-11T14:54:29;amidst flaky whenever;while uh-huh
7;2024-03-11T22:54:24;between;patentee towards
8;2024-03-12T04:18:16;treasured fulfil;although for
9;2024-03-12T01:48:31;thoughtfully buckwheat ape;fiercely how meh
10;2024-03-11T19:43:27;insubstantial;unfortunately ha meh
